{"cameraMode":{"drawMode":0,"name":"Shaded","section":"Shading Mode"},"sceneLighting":false,"audioPlay":false,"sceneViewState":{"showFog":true,"showMaterialUpdate":false,"showSkybox":false,"showFlares":true,"showImageEffects":true,"showParticleSystems":true},"in2DMode":false,"pivot":{"x":134.7152099609375,"y":10.131904602050782,"z":116.5736083984375},"rotation":{"x":0.02315889671444893,"y":-0.5830950736999512,"z":0.016605190932750703,"w":0.8119186162948608},"size":10.79890251159668,"orthographic":true}