{"cameraMode":{"drawMode":0,"name":"Shaded","section":"Shading Mode"},"sceneLighting":false,"audioPlay":false,"sceneViewState":{"showFog":true,"showMaterialUpdate":false,"showSkybox":false,"showFlares":true,"showImageEffects":true,"showParticleSystems":true},"in2DMode":false,"pivot":{"x":3.205402374267578,"y":2.4138669967651369,"z":-1.5035158395767213},"rotation":{"x":-0.4669645428657532,"y":-0.3773585855960846,"z":0.23006580770015717,"w":-0.7659282684326172},"size":47.20227813720703,"orthographic":true}