{"cameraMode":{"drawMode":0,"name":"Shaded","section":"Shading Mode"},"sceneLighting":false,"audioPlay":false,"sceneViewState":{"showFog":true,"showMaterialUpdate":false,"showSkybox":true,"showFlares":true,"showImageEffects":true,"showParticleSystems":true},"in2DMode":false,"pivot":{"x":-10.191981315612793,"y":11.573915481567383,"z":4.853429794311523},"rotation":{"x":-0.02892521768808365,"y":0.9136511087417603,"z":-0.4001504182815552,"w":-0.06618539988994599},"size":14.82532024383545,"orthographic":true}