{"cameraMode":{"drawMode":0,"name":"Shaded","section":"Shading Mode"},"sceneLighting":false,"audioPlay":false,"sceneViewState":{"showFog":true,"showMaterialUpdate":false,"showSkybox":false,"showFlares":true,"showImageEffects":true,"showParticleSystems":true},"in2DMode":false,"pivot":{"x":-1.2297215461730958,"y":9.019742012023926,"z":-3.9428775310516359},"rotation":{"x":0.03253905475139618,"y":0.9589230418205261,"z":-0.12292540073394776,"w":0.25366637110710146},"size":32.91004180908203,"orthographic":true}