{"cameraMode":{"drawMode":0,"name":"Shaded","section":"Shading Mode"},"sceneLighting":false,"audioPlay":false,"sceneViewState":{"showFog":true,"showMaterialUpdate":false,"showSkybox":false,"showFlares":true,"showImageEffects":true,"showParticleSystems":true},"in2DMode":false,"pivot":{"x":4.585148334503174,"y":7.865299224853516,"z":-2.944230794906616},"rotation":{"x":-0.04171566292643547,"y":-0.9348604083061218,"z":0.11728931963443756,"w":-0.33249327540397646},"size":75.61033630371094,"orthographic":true}