{"cameraMode":{"drawMode":0,"name":"Shaded","section":"Shading Mode"},"sceneLighting":false,"audioPlay":false,"sceneViewState":{"showFog":true,"showMaterialUpdate":false,"showSkybox":false,"showFlares":true,"showImageEffects":true,"showParticleSystems":true},"in2DMode":false,"pivot":{"x":0.1888992339372635,"y":1.8477754592895508,"z":0.703718364238739},"rotation":{"x":0.06289952993392945,"y":-0.8944534063339233,"z":0.42218446731567385,"w":0.1332610845565796},"size":4.350058078765869,"orthographic":true}