{"cameraMode":{"drawMode":0,"name":"Shaded","section":"Shading Mode"},"sceneLighting":false,"audioPlay":false,"sceneViewState":{"showFog":true,"showMaterialUpdate":false,"showSkybox":false,"showFlares":true,"showImageEffects":true,"showParticleSystems":true},"in2DMode":false,"pivot":{"x":-20.007816314697267,"y":-9.516220092773438,"z":0.8303279876708984},"rotation":{"x":-0.4175954759120941,"y":-0.5735496878623962,"z":0.42747971415519717,"w":-0.5602900981903076},"size":80.64017486572266,"orthographic":true}