{"cameraMode":{"drawMode":0,"name":"Shaded","section":"Shading Mode"},"sceneLighting":false,"audioPlay":false,"sceneViewState":{"showFog":true,"showMaterialUpdate":false,"showSkybox":false,"showFlares":true,"showImageEffects":true,"showParticleSystems":true},"in2DMode":false,"pivot":{"x":124.93631744384766,"y":1.9807168245315552,"z":113.4039306640625},"rotation":{"x":0.19547386467456819,"y":0.35645925998687746,"z":-0.07655282318592072,"w":0.910433828830719},"size":2.3891232013702394,"orthographic":true}