{"cameraMode":{"drawMode":0,"name":"Shaded","section":"Shading Mode"},"sceneLighting":false,"audioPlay":false,"sceneViewState":{"showFog":true,"showMaterialUpdate":false,"showSkybox":true,"showFlares":true,"showImageEffects":true,"showParticleSystems":true},"in2DMode":false,"pivot":{"x":16.243867874145509,"y":-4.515459060668945,"z":2.3606514930725099},"rotation":{"x":-0.12593519687652589,"y":-0.02470233291387558,"z":0.0031367535702884199,"w":-0.991726815700531},"size":55.445316314697269,"orthographic":false}