{"cameraMode":{"drawMode":0,"name":"Shaded","section":"Shading Mode"},"sceneLighting":false,"audioPlay":false,"sceneViewState":{"showFog":true,"showMaterialUpdate":false,"showSkybox":false,"showFlares":true,"showImageEffects":true,"showParticleSystems":true},"in2DMode":false,"pivot":{"x":20.928668975830079,"y":0.5905937552452087,"z":54.56035614013672},"rotation":{"x":-0.20200809836387635,"y":0.07426636666059494,"z":-0.015350310131907463,"w":-0.9764547944068909},"size":6.1368303298950199,"orthographic":true}