{"cameraMode":{"drawMode":0,"name":"Shaded","section":"Shading Mode"},"sceneLighting":false,"audioPlay":false,"sceneViewState":{"showFog":true,"showMaterialUpdate":false,"showSkybox":false,"showFlares":true,"showImageEffects":true,"showParticleSystems":true},"in2DMode":false,"pivot":{"x":128.90713500976563,"y":6.218247413635254,"z":113.39396667480469},"rotation":{"x":-0.20200809836387635,"y":0.07426636666059494,"z":-0.015350310131907463,"w":-0.9764547944068909},"size":54.302703857421878,"orthographic":true}