{"cameraMode":{"drawMode":0,"name":"Shaded","section":"Shading Mode"},"sceneLighting":false,"audioPlay":false,"sceneViewState":{"showFog":true,"showMaterialUpdate":false,"showSkybox":false,"showFlares":true,"showImageEffects":true,"showParticleSystems":true},"in2DMode":false,"pivot":{"x":7.180469989776611,"y":-3.7723045349121095,"z":-6.976015090942383},"rotation":{"x":0.3736310601234436,"y":0.17104355990886689,"z":-0.07030843943357468,"w":0.9089577198028565},"size":35.178672790527347,"orthographic":false}